{
  "alpha=0.1, gamma=0.1": [
    -292.326261,
    -166.9192107971,
    -83.70884692444986,
    -77.74348662202092,
    -55.75117880259694,
    -43.510002564684655,
    -43.051786709719806,
    -39.7109651048606,
    -27.3344021675387,
    -34.962447482704036,
    -24.036872405822603,
    -24.131651611590257,
    -24.080999139018164,
    -19.43988084075882,
    -18.096983701764007,
    -15.099830082633067,
    -14.887651838624256,
    -11.26995426326103,
    -10.253646021926713,
    -10.119101339025336,
    -9.191607608924855,
    -7.713189386605563,
    -12.40159857918249,
    -21.394204642219872,
    -14.306230661312222,
    -5.242387482276837
  ],
  "alpha=0.1, gamma=0.5": [
    -297.042425,
    -171.2988084375,
    -90.12989238328124,
    -87.38071670814062,
    -65.1348666367957,
    -54.20914759222798,
    -55.135265628916976,
    -51.98826455867568,
    -38.60290385570799,
    -50.297130227581206,
    -37.01763487487644,
    -38.06513708149716,
    -39.44815122174432,
    -33.79122328802222,
    -32.37484247387895,
    -29.06486374732045,
    -29.55998713847028,
    -23.68484539261997,
    -22.4796754191962,
    -22.459792275843718,
    -21.302416714426414,
    -19.22337891802798,
    -26.178570959771072,
    -36.55456334363495,
    -27.059757206840874,
    -15.607230412463718
  ],
  "alpha=0.1, gamma=0.9": [
    -301.802909,
    -175.7680415019,
    -97.00495489210016,
    -97.91712256636809,
    -75.741700487522,
    -66.95613961248777,
    -70.12653900024365,
    -67.72742098239458,
    -53.700818818810234,
    -71.60684828837869,
    -56.031616239748466,
    -59.153137225348786,
    -63.799450318599476,
    -57.64430355249755,
    -57.06947241734555,
    -54.47340850214934,
    -57.31590832414441,
    -48.188581207778185,
    -47.630420467983235,
    -48.84300671384933,
    -48.27299704466053,
    -45.99692825622096,
    -57.85651202708833,
    -70.72156147649272,
    -58.951497903752745,
    -43.914138397950154
  ],
  "alpha=0.5, gamma=0.1": [
    -253.487625,
    -132.4453909375,
    -42.81816734140625,
    -24.875289448671875,
    -12.329140411291014,
    -4.65246784358506,
    -3.611836668940192,
    -5.3540192082318825,
    -0.6536398273666573,
    -1.2263397708967734,
    -0.24216868586319218,
    -0.44143328097689805,
    -0.5911808206239358,
    -0.10885480170972728,
    -0.25492145600988736,
    -0.022346339267132587,
    -0.030046755438683626,
    -0.0050028237095280925,
    -0.00274964226933605,
    -0.06936988790504106,
    -0.037331492368871455,
    -0.0017404990676403997,
    -0.501443205374128,
    -2.9655366959313887,
    -4.210932432278829,
    -0.0031767038910366363
  ],
  "alpha=0.5, gamma=0.5": [
    -274.828125,
    -150.9326171875,
    -62.75250244140625,
    -48.458282470703125,
    -29.888599395751953,
    -17.85861873626709,
    -15.303237676620483,
    -14.653428375720978,
    -6.357949957251549,
    -8.062246534973383,
    -3.805012776516378,
    -3.7113672515843064,
    -3.477456010354217,
    -1.925838775910961,
    -1.803003022674602,
    -0.9658471106040452,
    -0.9626858024219018,
    -0.4783269691625378,
    -0.3569254007796161,
    -0.4373477627203535,
    -0.3194606736094654,
    -0.16256835914339995,
    -1.9795073695914487,
    -6.692899366129446,
    -5.460426891002037,
    -0.13028444597498345
  ],
  "alpha=0.5, gamma=0.9": [
    -297.228625,
    -171.1193434375,
    -89.73066541640625,
    -86.86364876898438,
    -64.47492397083789,
    -53.47848827851475,
    -53.95896650389922,
    -50.91308268042532,
    -37.10706002409554,
    -48.96226506957474,
    -35.254402784480135,
    -36.22562054046026,
    -37.512997810830974,
    -31.78928892723178,
    -30.301332435580832,
    -27.08146832828425,
    -27.769074743177647,
    -21.4855624547628,
    -20.22561098598929,
    -20.191897496108012,
    -18.9799379761946,
    -16.85782229230286,
    -24.331070412918553,
    -34.61382227356472,
    -25.282512880118528,
    -13.575578663105782
  ],
  "alpha=0.9, gamma=0.1": [
    -219.701949,
    -103.9992080379,
    -20.63371074440545,
    -6.244684094746074,
    -3.0607728998464077,
    -0.21605350077370877,
    -0.1620037516541447,
    -2.4806116028196317,
    -0.010243141737856676,
    -0.02079047026900549,
    -0.00040655355163110585,
    -0.003185188681505302,
    -0.025058387332225762,
    -0.00023276398017968436,
    -0.0027279328292562077,
    -2.8043147208722807e-05,
    -1.3533498881002082e-05,
    -1.016401410591783e-06,
    -1.9311617771577971e-07,
    -0.00015007361764851623,
    -1.7588591976647194e-05,
    -2.492172723744801e-07,
    -0.0163441422405024,
    -0.42577179266581944,
    -3.4700442378521568,
    -3.2559397393772116e-06
  ],
  "alpha=0.9, gamma=0.5": [
    -254.659425,
    -133.24792593749999,
    -44.10542581453125,
    -25.487141223265624,
    -13.646847613795702,
    -4.975905138037824,
    -3.484386440421211,
    -5.518578296652071,
    -0.7298418233788099,
    -1.0032517938143997,
    -0.22872850448550874,
    -0.2591320177956169,
    -0.41632466040143135,
    -0.05706880089431576,
    -0.122196037293137,
    -0.01665603380190206,
    -0.02641714078766111,
    -0.004727285750964816,
    -0.0025832611906260183,
    -0.01585192982101913,
    -0.005889950368255903,
    0.00026386201530193,
    -0.44147700791797395,
    -2.4278927789331344,
    -4.596781961028594,
    -0.0021467219871393883
  ],
  "alpha=0.9, gamma=0.9": [
    -292.895781,
    -166.71715337310002,
    -83.31863436683658,
    -77.22818363789393,
    -55.4632278034752,
    -42.686514101488875,
    -41.70191633958703,
    -38.75513468938384,
    -25.49907158585788,
    -33.4390340758609,
    -21.988132884297904,
    -22.152078139565116,
    -22.34440090862889,
    -17.21537539670241,
    -15.91617172134699,
    -12.843690927365737,
    -12.894047275615165,
    -8.989496243038715,
    -8.061808404731595,
    -8.154162022825705,
    -7.309996291449298,
    -5.874282710219523,
    -11.631048922052313,
    -20.527872873828997,
    -13.437137274555742,
    -3.5969277266558315
  ]
}