{
  "alpha=0.1, gamma=0.1": [
    -439.8827675896,
    -203.58420067415435,
    -81.97349946896044,
    -65.5255728854,
    -62.3847812987979,
    -51.25933988147608,
    -188.3842550913072,
    -33.99636690526461,
    -34.3672610631629,
    -25.500604006665686,
    -23.20162924066737,
    -22.99981164788221,
    -19.183738369580514,
    -18.716164415594196,
    -15.848061468852913,
    -15.403916260970464,
    -14.0177089201814,
    -11.877507398308344,
    -12.987397196451578,
    -12.146243052828043,
    -8.920360566246558,
    -9.523138150210865,
    -7.377930374004962,
    -9.86335654087006,
    -6.104204152660842,
    -5.553887072072273,
    -5.053183788104684
  ],
  "alpha=0.1, gamma=0.5": [
    -452.54858905000003,
    -220.97843651034844,
    -87.46859566540626,
    -72.81350872499999,
    -71.5740390121875,
    -62.167089109566405,
    -230.68305349417383,
    -45.35504943999362,
    -46.020923309224074,
    -37.04968548637241,
    -35.166216706611,
    -36.04653043244114,
    -31.662332712838552,
    -32.21765766949596,
    -28.495616605648507,
    -28.934562762728696,
    -26.921111666815385,
    -24.313382123025164,
    -25.997211290734036,
    -25.447929695435572,
    -20.75734005560759,
    -21.925700569558977,
    -18.69573535551533,
    -22.412024790018577,
    -16.842575194200574,
    -15.986762236934107,
    -15.174451305383299
  ],
  "alpha=0.1, gamma=0.9": [
    -465.65266996,
    -239.90913600043328,
    -93.29073128004053,
    -80.6513229262,
    -81.8497687617019,
    -74.97160523234716,
    -281.96073191774036,
    -59.947874175283175,
    -61.49397426487758,
    -53.092115053802374,
    -52.47453043820868,
    -55.560882735432074,
    -51.256259805509224,
    -54.21343481583455,
    -50.0638945518561,
    -52.93992505162644,
    -50.71827463658126,
    -48.323954273704864,
    -51.532783800876004,
    -52.60632426747974,
    -46.65187836654632,
    -49.66454088722199,
    -45.57647688114637,
    -52.19421023265495,
    -44.527515849627044,
    -44.01220144732804,
    -43.502853636136564
  ],
  "alpha=0.5, gamma=0.1": [
    -348.67271125,
    -102.90933665214844,
    -46.263319142968754,
    -21.928308125,
    -16.002193460937498,
    -7.163842494550779,
    -32.25654067965565,
    -1.7390842169236833,
    -5.078504378442763,
    -0.49922089204306896,
    -0.27445425693720193,
    -0.2282426933808399,
    -0.08192813491352058,
    -0.05528378627620212,
    -0.024535496390207134,
    -0.016014309401082505,
    -0.1885299366638986,
    -0.008275384432597344,
    -0.4185535792042623,
    -0.19717744218318456,
    0.03017386104043407,
    -0.01424797323397109,
    0.009069976611327357,
    -0.10296069478717862,
    0.002732048692436262,
    0.0015026392924037957,
    0.0008264586526809392
  ],
  "alpha=0.5, gamma=0.5": [
    -396.984375,
    -150.6250457763672,
    -63.83111572265625,
    -41.966796875,
    -35.0989990234375,
    -22.66803741455078,
    -88.48565983772278,
    -10.047916889190674,
    -11.986678957939148,
    -5.174004346132278,
    -3.86786600202322,
    -3.4532361645251513,
    -2.154150319751352,
    -1.830125310458243,
    -1.205602103844285,
    -0.9840999690350145,
    -1.2300368704309221,
    -0.5529630792734679,
    -1.6695618373414618,
    -1.1555520766960399,
    -0.08508763850068135,
    -0.3414352730463861,
    -0.05209781356555254,
    -0.6940261968727768,
    -0.03003943089601968,
    -0.02230921964297705,
    -0.016569550361968943
  ],
  "alpha=0.5, gamma=0.9": [
    -453.37753875,
    -221.66012874433594,
    -87.08922217734374,
    -72.07388562499999,
    -70.5512028359375,
    -60.98780258205078,
    -231.9957792039946,
    -43.60418102270298,
    -44.19330545480116,
    -34.93568194129747,
    -32.91608223760343,
    -33.83599877009982,
    -29.33041737645001,
    -30.041947036013397,
    -26.140727152672998,
    -26.52630190429243,
    -24.63025166054595,
    -21.896018872407335,
    -23.821522575234336,
    -23.268146959356816,
    -18.200621949951454,
    -19.455439838411085,
    -16.196768962547228,
    -19.9238941324402,
    -14.407181509798969,
    -13.57934479864375,
    -12.79670732155199
  ],
  "alpha=0.9, gamma=0.1": [
    -283.04904196,
    -53.29297674152876,
    -26.162803627080088,
    -4.511371374199995,
    -3.0279718846290953,
    -0.553322499765621,
    -3.4298028830984126,
    -0.027196619354534324,
    -3.4752289984864544,
    -0.009864156520278167,
    -0.00187418660539862,
    -0.0006408341671291229,
    -6.746544608837723e-05,
    -1.577432034949311e-05,
    -2.432967966425892e-06,
    -4.909967930011305e-07,
    -0.021064227664388202,
    -0.00017394043476759435,
    -0.025592398998022903,
    -0.002894943160079988,
    0.009888398149560995,
    0.0018491822562964888,
    0.00035696876192226057,
    -0.0001238376362153737,
    1.2886569202841258e-05,
    2.4484481488951104e-06,
    4.6520514840331373e-07
  ],
  "alpha=0.9, gamma=0.5": [
    -352.94505895,
    -103.90236169878594,
    -47.19137275990625,
    -22.566307024999997,
    -16.1921996246875,
    -7.239070222035155,
    -32.674032290001996,
    -1.9400690441863895,
    -5.572928933102166,
    -0.5762927236129514,
    -0.3161583857142849,
    -0.26913800935193666,
    -0.09568686589668873,
    -0.059900865420419835,
    -0.02584151820460434,
    -0.015487096265092593,
    -0.3941079176516078,
    -0.016094830445765984,
    -0.3139041191572163,
    -0.12479801753707154,
    0.06015637744849345,
    0.00844805309068053,
    0.018143761642008593,
    -0.03669237562674499,
    0.005486785957393936,
    0.003018262999752608,
    0.001660319274569222
  ],
  "alpha=0.9, gamma=0.9": [
    -442.4325519016,
    -205.1973971027391,
    -81.6774673471961,
    -64.54317044540001,
    -60.968398608525106,
    -49.622408637687585,
    -192.13465889034805,
    -32.033393747017286,
    -32.40098015396398,
    -22.996222702932553,
    -20.69728056101176,
    -21.91497417321458,
    -17.370871500538993,
    -16.564151186805677,
    -13.366155709619933,
    -12.989361625420829,
    -12.236284067630976,
    -9.752917248390304,
    -11.2624546974758,
    -10.44830555490897,
    -6.938231257217583,
    -7.735373997547494,
    -5.524940653289693,
    -8.002334660630257,
    -4.328965148033432,
    -3.8351434620707625,
    -3.4115628761153935
  ]
}