{
  "alpha=0.1, gamma=0.1": [
    -1157.194536954175,
    -104.11483876025923,
    -50.38113537157225,
    -45.91225163649397,
    -39.702021062954344,
    -35.391765812797765,
    -29.610953511514985,
    -60.768624606205364,
    -27.879713571182474,
    -22.504333419903418,
    -21.403415813355274,
    -20.877768081828528,
    -16.928858001238577,
    -18.109811408817425,
    -15.470556323106091,
    -13.350151576074616,
    -13.339538418049775
  ],
  "alpha=0.1, gamma=0.5": [
    -1244.854980001834,
    -121.41441295598422,
    -60.78875342620272,
    -56.93014960037811,
    -53.2817206788075,
    -48.13944262041972,
    -42.58060749649824,
    -82.23040282364835,
    -40.08301477383496,
    -34.00830077644456,
    -33.60501838431826,
    -33.447921905164435,
    -29.071647641373605,
    -31.364539289470216,
    -28.59747247044223,
    -25.85044931440141,
    -26.616350045295974
  ],
  "alpha=0.1, gamma=0.9": [
    -1341.3663700235381,
    -141.42348156131314,
    -73.29497228688625,
    -70.73454750894885,
    -71.26073822177075,
    -65.33612366517839,
    -60.80013768793292,
    -112.79731257368928,
    -58.34592689027589,
    -52.121823628578426,
    -53.36608116156969,
    -54.62381593566246,
    -50.33257144950116,
    -55.19071049716869,
    -52.812996488874376,
    -50.33206422770055,
    -53.270970948218746
  ],
  "alpha=0.5, gamma=0.1": [
    -678.5248359113109,
    -27.15148082318125,
    -9.629604060001922,
    -8.627867437674396,
    -2.758205451704894,
    -2.4427116049650452,
    -0.7986560292047244,
    -10.509379141238906,
    -3.0959008077451116,
    -1.5670498685643994,
    -0.9098370582117875,
    -0.8863913629994233,
    -0.3776202423700279,
    -0.411162146219599,
    -0.19712393099803172,
    -0.06116818337251506,
    -0.04451458880232373
  ],
  "alpha=0.5, gamma=0.5": [
    -903.4288589954376,
    -58.64608818292618,
    -24.80545549094677,
    -20.601714108139277,
    -13.079846303910017,
    -10.783239089418203,
    -6.767720731324516,
    -22.741880501882406,
    -8.419341800930852,
    -5.26193886870351,
    -4.246245487587203,
    -3.8905491239898993,
    -2.4629384946816515,
    -2.590477755147539,
    -2.1370491778057836,
    -1.1041787193319572,
    -1.040201781538893
  ],
  "alpha=0.5, gamma=0.9": [
    -1251.677549277098,
    -122.27612459027365,
    -60.83777913701709,
    -56.57230330675754,
    -53.298247475184475,
    -47.4924847486779,
    -41.61529956397382,
    -81.15823167763821,
    -38.4087155918357,
    -31.872114771415696,
    -31.434557725990814,
    -31.100612694239203,
    -26.777593258523897,
    -29.01055848438466,
    -26.703799343580876,
    -23.48685724561823,
    -24.388519482644572
  ],
  "alpha=0.9, gamma=0.1": [
    -457.6661158873963,
    -4.811883628301542,
    -0.8057675767203714,
    -3.4971000257992513,
    -0.1378532604855518,
    -0.18601625857044057,
    -0.005087127540710501,
    -4.766627920872197,
    -0.6429788695331075,
    -0.10920918501847421,
    -0.021095618839133135,
    -0.019757481205854743,
    -0.009858710468332754,
    -0.003586830144667985,
    -0.01256043798979678,
    0.008797996476521242,
    0.0016757780523555255
  ],
  "alpha=0.9, gamma=0.5": [
    -692.4771458325258,
    -27.888785463058323,
    -9.427542208551255,
    -8.479495650890435,
    -3.1764930977311763,
    -2.571876095701775,
    -0.8945426532682841,
    -9.608679542417889,
    -2.9391845474248504,
    -1.3143801679166491,
    -0.79275517944337,
    -0.6666771919410368,
    -0.43291032368729243,
    -0.33783669391921145,
    -0.3483078824680743,
    -0.07224543438287312,
    -0.04219143179920559
  ],
  "alpha=0.9, gamma=0.9": [
    -1174.2714950797392,
    -106.55414897173074,
    -50.63785752027597,
    -45.69478725225252,
    -40.173314193776115,
    -34.97424091723391,
    -27.986226521932206,
    -58.57564063112099,
    -25.172463428616933,
    -19.300839157373595,
    -18.390313180201968,
    -17.855869123738323,
    -14.015512640104404,
    -15.388985189867853,
    -13.226754059447925,
    -10.655975829378338,
    -10.80416404161629
  ]
}