{
    "p0101": [
        0.0035211267605633804,
        0.0,
        0.0,
        0.0029069767441860465,
        0.0,
        0.0,
        0.0,
        0.0,
        0.0,
        0.0
    ],
    "p0102": [
        0.02903225806451613,
        0.014705882352941176,
        0.009615384615384616
    ],
    "p0103": [
        0.01145912910618793,
        0.04,
        0.014184397163120567,
        0.011904761904761904,
        0.04411764705882353,
        0.04878048780487805,
        0.014705882352941176
    ],
    "p0201": [
        0.0,
        0.019230769230769232,
        0.0,
        0.0,
        0.012396694214876033,
        0.0,
        0.0
    ],
    "p0202": [
        0.005681818181818182,
        0.006329113924050633,
        0.027777777777777776,
        0.0,
        0.0
    ],
    "p0203": [
        0.0016207455429497568,
        0.010752688172043012,
        0.0,
        0.0,
        0.0,
        0.0,
        0.0,
        0.0
    ],
    "p0301": [
        0.012396694214876033,
        0.04794520547945205,
        0.007692307692307693,
        0.011627906976744186
    ],
    "p0302": [
        0.03038674033149171,
        0.008064516129032258,
        0.022727272727272728,
        0.010416666666666666,
        0.01875,
        0.04411764705882353
    ],
    "p0303": [
        0.023006134969325152,
        0.04716981132075472,
        0.04054054054054054,
        0.030303030303030304,
        0.0
    ],
    "p0401": [
        0.020684736091298145,
        0.05263157894736842,
        0.0125
    ],
    "p0402": [
        0.05045871559633028,
        0.02564102564102564,
        0.010416666666666666,
        0.02262443438914027,
        0.0684931506849315,
        0.09722222222222222,
        0.03636363636363636
    ],
    "p0403": [
        0.03723404255319149,
        0.01171875,
        0.0375,
        0.05,
        0.03821656050955414
    ],
    "p0501": [
        0.022026431718061675,
        0.0,
        0.008771929824561403,
        0.011363636363636364,
        0.01282051282051282
    ],
    "p0502": [
        0.0030120481927710845,
        0.02702702702702703,
        0.030303030303030304,
        0.0
    ],
    "p0503": [
        0.0033707865168539327,
        0.00684931506849315,
        0.027777777777777776,
        0.023255813953488372
    ],
    "p0601": [
        0.16129032258064516,
        0.13709677419354838,
        0.12121212121212122
    ],
    "p0602": [
        0.07926829268292683,
        0.047619047619047616,
        0.08333333333333333,
        0.0,
        0.043010752688172046,
        0.05102040816326531,
        0.043478260869565216,
        0.039473684210526314,
        0.0625,
        0.03409090909090909,
        0.07142857142857142,
        0.04411764705882353,
        0.06818181818181818
    ],
    "p0603": null,
    "p0701": [
        0.07718696397941681,
        0.10810810810810811
    ],
    "p0702": [
        0.06374501992031872,
        0.25555555555555554,
        0.2222222222222222
    ],
    "p0703": [
        0.06935483870967742,
        0.11647727272727272,
        0.11377245508982035,
        0.18571428571428572,
        0.1702127659574468,
        0.14705882352941177,
        0.13768115942028986,
        0.3088235294117647,
        0.11271676300578035,
        0.20588235294117646,
        0.20512820512820512
    ],
    "p0801": [
        0.10714285714285714,
        0.125,
        0.16153846153846155,
        0.2,
        0.20238095238095238,
        0.19444444444444445
    ],
    "p0802": [
        0.10309278350515463,
        0.10909090909090909,
        0.09210526315789473,
        0.11224489795918367,
        0.14285714285714285,
        0.13157894736842105,
        0.19117647058823528
    ],
    "p0803": null,
    "p0901": [
        0.050314465408805034,
        0.021739130434782608,
        0.0375,
        0.0472972972972973
    ],
    "p0902": [
        0.0456140350877193,
        0.05204460966542751,
        0.044169611307420496,
        0.045572916666666664,
        0.0472972972972973,
        0.0425531914893617,
        0.09,
        0.06578947368421052,
        0.07142857142857142,
        0.09375
    ],
    "p0903": [
        0.027419354838709678,
        0.10064935064935066,
        0.06752411575562701,
        0.11428571428571428,
        0.2236842105263158,
        0.13043478260869565,
        0.08823529411764706,
        0.11764705882352941,
        0.06578947368421052,
        0.12790697674418605,
        0.11458333333333333,
        0.16216216216216217,
        0.23529411764705882
    ],
    "p1001": [
        0.010416666666666666,
        0.04411764705882353,
        0.058823529411764705,
        0.09302325581395349,
        0.029411764705882353,
        0.058823529411764705
    ],
    "p1002": [
        0.0,
        0.016129032258064516,
        0.018518518518518517,
        0.01818181818181818,
        0.045454545454545456,
        0.04878048780487805,
        0.027777777777777776,
        0.06944444444444445,
        0.039473684210526314,
        0.07352941176470588,
        0.045454545454545456
    ],
    "p1003": [
        0.033261802575107295,
        0.045454545454545456,
        0.047619047619047616,
        0.0945945945945946,
        0.029411764705882353,
        0.04411764705882353,
        0.027777777777777776
    ],
    "p1101": [
        0.08173076923076923,
        0.044444444444444446,
        0.05263157894736842,
        0.14171122994652408,
        0.21052631578947367,
        0.20588235294117646
    ],
    "p1102": [
        0.025,
        0.05909090909090909,
        0.07534246575342465,
        0.09375,
        0.0958904109589041,
        0.08064516129032258,
        0.11206896551724138,
        0.10227272727272728
    ],
    "p1103": null,
    "p1201": [
        0.01707317073170732,
        0.035211267605633804,
        0.03571428571428571,
        0.0196078431372549,
        0.012195121951219513,
        0.023255813953488372,
        0.06060606060606061,
        0.02857142857142857
    ],
    "p1202": [
        0.049019607843137254,
        0.06842105263157895,
        0.056768558951965066,
        0.04285714285714286,
        0.125,
        0.05555555555555555,
        0.08695652173913043,
        0.08571428571428572,
        0.1282051282051282,
        0.14285714285714285,
        0.08823529411764706
    ],
    "p1203": [
        0.031684027777777776,
        0.03508771929824561,
        0.061224489795918366,
        0.07894736842105263,
        0.0625
    ],
    "p1301": [
        0.16483516483516483,
        0.21951219512195122,
        0.0625,
        0.14864864864864866,
        0.08536585365853659,
        0.040983606557377046,
        0.07575757575757576
    ],
    "p1302": [
        0.07876712328767123,
        0.103125,
        0.13125,
        0.07777777777777778,
        0.10869565217391304
    ],
    "p1303": [
        0.08928571428571429,
        0.08783783783783784,
        0.052083333333333336,
        0.1323529411764706,
        0.1,
        0.10256410256410256
    ],
    "p1401": [
        0.03278688524590164,
        0.009259259259259259,
        0.02,
        0.010416666666666666,
        0.01,
        0.019230769230769232,
        0.025,
        0.013157894736842105
    ],
    "p1402": [
        0.08423913043478261,
        0.026785714285714284,
        0.014705882352941176,
        0.030303030303030304,
        0.1375,
        0.04285714285714286
    ],
    "p1403": [
        0.019855595667870037,
        0.004291845493562232,
        0.0,
        0.0125,
        0.013157894736842105,
        0.011627906976744186,
        0.0,
        0.0
    ],
    "p1501": [
        0.3125,
        0.22666666666666666,
        0.2826086956521739,
        0.21296296296296297,
        0.3050847457627119,
        0.32142857142857145,
        0.2647058823529412
    ],