{
    "p0101": [
        0.21787748202471666,
        -0.33118278618369784,
        -0.0744025039338422,
        0.02654298429572305,
        0.15316243839166355,
        0.16777468594637784,
        0.05971877471260403,
        0.1992427960355231,
        0.27841600734326577,
        0.19011348496294683
    ],
    "p0102": [
        0.137109375,
        0.9633349250344669,
        -0.21443763146033654
    ],
    "p0103": [
        0.5282683546968666,
        19.459644287408064,
        4.484496453740439,
        6.89382893322617,
        12.823759736904037,
        9.815338261784783,
        1.9519437380527607
    ],
    "p0201": [
        0.07355769230769231,
        0.11868990384615384,
        -0.0288000274122807,
        0.14182826450892858,
        -0.30568442856969913,
        -0.045456336716474116,
        0.14739462032037623
    ],
    "p0202": [
        0.11146684126420454,
        0.05360586431962025,
        0.808701409233941,
        0.6410496847970145,
        0.5042324907639447
    ],
    "p0203": [
        0.33227745408563597,
        4.644252734799539,
        9.436161792423162,
        7.500752347740619,
        -3.826454760031478,
        9.193961214589962,
        6.916121923583567,
        5.639603926617874
    ],
    "p0301": [
        0.09607438016528926,
        0.4144103167808219,
        -0.33967084151047927,
        0.9640401740406834
    ],
    "p0302": [
        0.10251208563535912,
        1.4807522681451613,
        1.0562466708096592,
        1.2664079666137695,
        0.42575937155634164,
        1.0888450821752058
    ],
    "p0303": [
        0.2599026988620407,
        3.9395700130822524,
        4.185170972669447,
        3.3305896990226977,
        2.040060468622156
    ],
    "p0401": [
        0.5747915985079269,
        27.528214412830653,
        19.587922499797013
    ],
    "p0402": [
        0.15472244122706422,
        1.3355478140024037,
        0.7207374572753906,
        -0.19406625827247204,
        0.9556216244095248,
        1.6930106688269464,
        0.7901716564626005
    ],
    "p0403": [
        0.11130734707446809,
        0.5329674780368805,
        1.9933485031127929,
        0.4309190432230631,
        -1.4231001021693443
    ],
    "p0501": [
        0.27341847062636054,
        9.489732181324678,
        4.000094798573277,
        4.005177356980064,
        3.4719899526009192
    ],
    "p0502": [
        0.11243411144578314,
        2.5551097972972974,
        2.2305279356060606,
        1.6121323529411764
    ],
    "p0503": [
        0.27633701281601125,
        4.1045677923176385,
        6.624976731008953,
        4.052035860024219
    ],
    "p0601": [
        0.04233870967741935,
        -0.13709677419354838,
        0.3380681818181818
    ],
    "p0602": [
        0.08126905487804878,
        0.2720734126984127,
        0.552489507765997,
        0.35501259251644735,
        -0.49148723643313175,
        -0.1293556057676977,
        -0.05776786804199219,
        0.012458926752993935,
        -0.023574835062026976,
        -0.028975087133320896,
        -0.021161272944439025,
        0.008988961933509391,
        -0.11728646801070268
    ],
    "p0603": null,
    "p0701": [
        0.3185925551579936,
        11.49715111706708
    ],
    "p0702": [
        0.17518463742685508,
        3.5757861243353948,
        3.400807884004381
    ],
    "p0703": [
        0.25064497916929185,
        0.7191553766077216,
        -0.9667847943073975,
        5.333608132520957,
        2.9513588755867106,
        3.2607704182942947,
        -0.3692801621300532,
        2.6934814560434273,
        -0.6593690869442823,
        3.6994817376890428,
        3.088582482008773
    ],
    "p0801": [
        0.27146239507765996,
        5.409282445907593,
        -0.763541841506958,
        7.455591847002506,
        5.3077411354475075,
        4.673289769853
    ],
    "p0802": [
        0.25170368017609585,
        3.4518943034112453,
        3.8784553073346615,
        2.1097110795351317,
        1.3591292568349413,
        1.595103481217704,
        1.3903438247892637
    ],
    "p0803": null,
    "p0901": [
        0.11197302476415094,
        0.8447690217391305,
        1.616650390625,
        -0.7273919592598513
    ],
    "p0902": [
        0.20552512721011512,
        0.2767414065098674,
        0.11967878750535288,
        0.05622671808708901,
        0.5037478984415861,
        1.3939661952431723,
        0.9853783251597897,
        0.8780817649921099,
        0.6978859746080148,
        0.31890358569099847
    ],
    "p0903": [
        0.1916600381174395,
        0.9458874541443664,
        -0.807269361858343,
        5.605316576774099,
        3.6460535865381214,
        1.2140488423471612,
        3.2236491331759147,
        2.418391182659969,
        0.1791519201883363,
        1.722215442162398,
        -0.21460955545638782,
        1.5747906781297933,
        1.2872015615621424
    ],
    "p1001": [
        0.046875,
        0.3483455882352941,
        0.24566291360294118,
        0.0464832394622093,
        0.15320183249080882,
        0.11651510350844439
    ],
    "p1002": [
        0.08910745287698413,
        0.04104515814012097,
        0.0876019795735677,
        0.05663396661931818,
        0.10973854498429732,
        0.11413638766218977,
        0.12014747493796879,
        0.09582348043719928,
        0.05030822288244963,
        0.06566395165795899,
        0.04697579016801407
    ],
    "p1003": [
        0.2525144912654238,
        5.893569668856534,
        5.609897159394764,
        5.303805203051181,
        4.338273051907034,
        3.254445288987721,
        0.16258555765186125
    ],
    "p1101": [
        0.14060856745793268,
        2.8446723090277777,
        1.0025246519791453,
        -1.3724270727545183,
        3.462592654322323,
        2.8792119806303695
    ],
    "p1102": [
        0.08623046875,
        -0.27551713423295454,
        -0.01387630096853596,
        0.18862434228261313,
        -0.10085253029653471,
        -0.08363889338028047,
        0.03095658530545389,
        0.07927150211021812
    ],
    "p1103": null,
    "p1201": [
        0.15218178353658537,
        1.3483989876760563,
        2.0504557291666665,
        -0.8990213669982611,
        2.642770717056786,
        1.7971725728969241,
        1.835790769676819,
        1.6629242457848574
    ],
    "p1202": [
        0.08272058823529412,
        -0.39040228107519315,
        -0.26989400100499783,
        0.3109626417713506,
        0.5940898671164178,
        -0.8901715447377955,
        0.18926414717798648,
        0.587388346024922,
        0.3150013512931764,
        0.10542238759808242,
        0.23760193737347007
    ],
    "p1203": [
        0.4862015279382774,
        14.923443303526032,
        13.06469095707471,
        10.737231846617673,
        9.92386973123991
    ],
    "p1301": [
        0.08808379120879122,
        0.16219869474085366,
        0.6586387634277344,
        -1.1694651165524044,
        0.993135879679424,
        0.38790674031269357,
        0.709169296152664
    ],
    "p1302": [
        0.0918236301369863,
        -0.2568059921264648,
        -0.2608273170888424,
        1.5864275289906395,
        0.6530055299914186
    ],
    "p1303": [
        0.1164794921875,
        0.19692580764358109,
        1.3294626871744792,
        1.5386453516343062,
        0.7306336498260498,
        0.7423148399744278
    ],