{
    "p0101": [
        -0.7821225179752833,
        -0.7115399290408407,
        -0.5282377312065695,
        -0.32174916686706767,
        -0.2419910461216108,
        -0.4313508467240767,
        -0.31346432367960614,
        -0.21165561549207,
        -0.12392202061083582,
        -0.11164003600262934
    ],
    "p0102": [
        -0.862890625,
        -0.7462238984949449,
        -0.6801828237680289
    ],
    "p0103": [
        -0.47173164530313344,
        -0.1753557125919369,
        -0.12108311186239841,
        -0.060842290732163615,
        -0.0628369427834622,
        -0.08384952403838716,
        -0.052481310775364415
    ],
    "p0201": [
        -0.9264423076923077,
        -0.8188100961538461,
        -0.6702473958333334,
        -0.5110735212053571,
        -0.4746055287763107,
        -0.30796957824189786,
        -0.19425864254727082
    ],
    "p0202": [
        -0.8885331587357954,
        -0.7818371736550633,
        -0.566298590766059,
        -0.4196646009172712,
        -0.314701332765467
    ],
    "p0203": [
        -0.667722545914364,
        -0.3315537168133643,
        -0.2044632075768378,
        -0.15503809343585195,
        -0.16897648149351194,
        -0.04999355149745342,
        -0.06111031595276939,
        -0.03840508461699448
    ],
    "p0301": [
        -0.9039256198347108,
        -0.828740368150685,
        -0.5678183775681716,
        -0.5325901175654212
    ],
    "p0302": [
        -0.8974879143646409,
        -0.7087638608870968,
        -0.4863669655539773,
        -0.32441234588623047,
        -0.2901097690686584,
        -0.17445340128067663
    ],
    "p0303": [
        -0.7400973011379594,
        -0.673637534087559,
        -0.49557227057379644,
        -0.35466124794699927,
        -0.2777248459893304
    ],
    "p0401": [
        -0.4252084014920731,
        -0.14283821874829455,
        -0.1277025002029861
    ],
    "p0402": [
        -0.8452775587729358,
        -0.7606060321514423,
        -0.5566062927246094,
        -0.3176704588168725,
        -0.08449284368163006,
        -0.051096815990558535,
        -0.06630108717864602
    ],
    "p0403": [
        -0.8886926529255319,
        -0.5685950219631195,
        -0.5035264968872071,
        -0.4931694984436035,
        -0.29155400421345834
    ],
    "p0501": [
        -0.7265815293736395,
        -0.5249737010282629,
        -0.4801683593214604,
        -0.5090271884744818,
        -0.3477215858606192
    ],
    "p0502": [
        -0.8875658885542169,
        -0.8097550675675675,
        -0.5990175189393939,
        -0.4476102941176471
    ],
    "p0503": [
        -0.7236629871839888,
        -0.4673500159015394,
        -0.3281482689910465,
        -0.3138798376501993
    ],
    "p0601": [
        -0.4737903225806452,
        -0.5241935483870968,
        -0.20738636363636365
    ],
    "p0602": [
        -0.5528772865853658,
        -0.34697420634920634,
        -0.14393906366257442,
        -0.2222900390625,
        -0.6684025590137769,
        -0.38118915168606504,
        -0.25896097266155743,
        -0.17020323402003237,
        -0.15372162461280822,
        -0.1177115345543081,
        -0.09088276734664327,
        -0.05560595199794454,
        -0.15938470301096624
    ],
    "p0603": null,
    "p0701": [
        -0.6299494688557286,
        0.28769165760761983
    ],
    "p0702": [
        -0.7052934502225473,
        -0.10754720899793836,
        -0.05231711599561903
    ],
    "p0703": [
        -0.652580827282321,
        -0.4740264415740967,
        -0.460905911813596,
        0.3500351726210543,
        0.020374327789040955,
        0.22202908565112225,
        -0.29122619740968914,
        0.1851260834443752,
        -0.22376360452066102,
        0.34580828970525856,
        0.29169711867778286
    ],
    "p0801": [
        -0.72853760492234,
        -0.4969675540924072,
        -0.32940722612234263,
        -0.16408588737249374,
        -0.1348858176774922,
        -0.0890088141313754
    ],
    "p0802": [
        -0.7482963198239041,
        -0.5162875147705729,
        -0.42911048213902275,
        -0.3957098388322154,
        -0.28505322084363016,
        -0.22215083621650641,
        -0.13294288247176583
    ],
    "p0803": null,
    "p0901": [
        -0.8880269752358491,
        -0.8834918478260869,
        -0.619287109375,
        -0.4472702848510675
    ],
    "p0902": [
        -0.7944748727898848,
        -0.5178682589176419,
        -0.4153256294557779,
        -0.268480313162911,
        -0.12811443263949499,
        -0.09830441645895527,
        -0.06667245609021023,
        -0.1601262428203901,
        -0.1475119746107352,
        -0.1434234177880054
    ],
    "p0903": [
        -0.8083399618825605,
        -0.5638528055958933,
        -0.4179916491498422,
        -0.18370123677221792,
        -0.1354478446760607,
        -0.10323315278346064,
        -0.07163797651639256,
        -0.05307414960926133,
        -0.14348074011056605,
        -0.07000742189170206,
        -0.06365606950670255,
        -0.02500356324881522,
        -0.018520754328512495
    ],
    "p1001": [
        -0.953125,
        -0.7104779411764706,
        -0.5484547334558824,
        -0.42444699309593026,
        -0.29348934397977944,
        -0.21850327884449677
    ],
    "p1002": [
        -0.9108925471230159,
        -0.7210516160534274,
        -0.5686480204264323,
        -0.42660466974431815,
        -0.34329767660661176,
        -0.25050252239878584,
        -0.1913149274057812,
        -0.13777332132061323,
        -0.11566845205073294,
        -0.0734635552713264,
        -0.06053182882279736
    ],
    "p1003": [
        -0.7474855087345762,
        -0.46097578568892045,
        -0.28444807870047434,
        -0.20632993208395467,
        -0.15896959515178904,
        -0.11848669630639694,
        -0.2909124349696665
    ],
    "p1101": [
        -0.8593914325420673,
        -0.6219943576388889,
        -0.536949032231381,
        -0.40759923432600054,
        -0.1886264626917086,
        -0.18960815931067748
    ],
    "p1102": [
        -0.91376953125,
        -0.8209716796875,
        -0.6303146571329196,
        -0.5145006577173868,
        -0.44759910563900046,
        -0.389838490154474,
        -0.2145310224531668,
        -0.1634264737420546
    ],
    "p1103": null,
    "p1201": [
        -0.8478182164634146,
        -0.8170939700704225,
        -0.6950799851190477,
        -0.44852671295988794,
        -0.17192273387094822,
        -0.18521886214960454,
        -0.0995648078281771,
        -0.11040159236373646
    ],
    "p1202": [
        -0.9172794117647058,
        -0.6588233337067722,
        -0.5204398525333821,
        -0.32653735822864943,
        -0.24262888288358225,
        -0.4312873299942057,
        -0.3607528365176657,
        -0.22585105129650662,
        -0.23237131998086205,
        -0.1804820880227323,
        -0.1155741795698893
    ],
    "p1203": [
        -0.5137984720617226,
        -0.23445143331607318,
        -0.15979883884365706,
        -0.15750499548758962,
        -0.08863026876008959
    ],
    "p1301": [
        -0.9119162087912088,
        -0.6701183784298781,
        -0.6210487365722657,
        -0.47367031509811813,
        -0.3102805817999491,
        -0.26914336117076093,
        -0.2017410718130343
    ],
    "p1302": [
        -0.9081763698630136,
        -0.7273138046264649,
        -0.49986845478415487,
        -0.2415428486135271,
        -0.24111041557583687
    ],
    "p1303": [
        -0.8835205078125,
        -0.7490201383023649,
        -0.5048472086588541,
        -0.4035651263068704,
        -0.2598936939239502,
        -0.210115298246726
    ],
    "p1401": [
        -0.8563119023224044,
        -0.5608091001157407,
        -0.48091796875,
        -0.3849016825358073,
        -0.2919903564453125,
        -0.20744941097039443,
        -0.1271372430026531,
        -0.08693537508186541
    ],