{
  "alpha=0.1, gamma=0.1": [
    -265.8643368999999,
    -212.13990649752793,
    -69.63487688433594,
    -82.14717442407277,
    -49.874228230089635,
    -60.17603366244814,
    -40.53410080418211,
    -40.829249142519174,
    -30.481506516444462,
    -27.733468404688303,
    -26.647691445955157,
    -24.040420581202838,
    -20.846566479048555,
    -21.695222296841706,
    -17.718415651343836,
    -15.648887406185532,
    -31.716697292767684,
    -17.480965256753255,
    -13.864782530018019,
    -12.954215536716333,
    -13.702533835715746,
    -9.346098051965923,
    -9.399381768370889,
    -11.284403425983562,
    -19.282614148936585,
    -7.599353578492944,
    -22.626824507402603,
    -52.68096108597718,
    -13.197850778292883,
    -10.186794525913445,
    -27.81437044821775,
    -8.368841781675798,
    -16.462683877718064,
    -46.66557371037016,
    -6.132694700326441,
    -7.652975420965235
  ],
  "alpha=0.1, gamma=0.5": [
    -270.7630125000001,
    -228.55276044949727,
    -78.45853458494095,
    -89.81329628288626,
    -57.506170304483724,
    -73.61294237475977,
    -51.977261185832226,
    -54.73384815645725,
    -42.06973599371642,
    -39.933078172466175,
    -40.1876136110327,
    -37.98301631987021,
    -34.10604838327224,
    -36.23163882936344,
    -31.644471009047283,
    -29.13434141817058,
    -46.16132290421497,
    -32.936376326434925,
    -28.683141282628174,
    -27.49501177651432,
    -28.323683890764062,
    -22.20911864978911,
    -22.720763992466217,
    -24.22286496966032,
    -32.24289214363775,
    -20.070854415317488,
    -38.83530241464792,
    -76.27601588319344,
    -24.612905364315452,
    -19.593436909791038,
    -44.59191788659995,
    -17.613442652501345,
    -29.039469640910387,
    -73.783424220043,
    -15.196422106500641,
    -20.415246676239395
  ],
  "alpha=0.1, gamma=0.9": [
    -275.7423761000002,
    -246.2555361420674,
    -88.20722772010004,
    -98.39850486160314,
    -66.2316249218521,
    -89.91163641803594,
    -66.29613028712232,
    -72.93889025267728,
    -57.57629500660606,
    -56.91748503404147,
    -59.8532533044452,
    -59.12375061543585,
    -54.96864067566325,
    -59.82835911333751,
    -55.436514456079266,
    -53.09312698710334,
    -72.16929861860562,
    -62.47338524967077,
    -58.16234649561118,
    -57.5839984786425,
    -59.08305450281625,
    -51.248980856494995,
    -53.980235709247964,
    -55.57957424369093,
    -63.44358247986022,
    -52.41141150092469,
    -82.74314057697332,
    -125.93385881231885,
    -55.93356622738101,
    -47.1388198644026,
    -83.25398085410514,
    -46.054758885586814,
    -64.78088734872001,
    -145.6282941523056,
    -45.70317790444177,
    -62.09897361466161
  ],
  "alpha=0.5, gamma=0.1": [
    -226.61856250000034,
    -114.41842366349984,
    -23.23192092345701,
    -44.17991960703125,
    -14.42247002350586,
    -10.410260095276124,
    -3.739998994465621,
    -2.5180822386538697,
    -1.088104287392076,
    -0.5980386883761879,
    -0.34741414744772636,
    -0.18568375799955783,
    -0.09903601127502992,
    -0.3256845595034561,
    -0.03728720215881798,
    -0.019658936949174866,
    -12.306433726266262,
    -0.623965880424259,
    -0.08719177744932716,
    -0.06592491171049941,
    -0.2313496729078447,
    -0.011381290488484685,
    -0.017068804546452654,
    -1.4413759525850065,
    -4.91413464021789,
    -0.35048270997399955,
    -11.215668839690844,
    -10.14016581115947,
    -3.7061524051775803,
    -2.035235786707848,
    -2.5749539208302687,
    -0.6072709098352377,
    -3.6756528516519467,
    -10.429742754318598,
    -0.10761939884828142,
    -0.11916607937108403
  ],
  "alpha=0.5, gamma=0.5": [
    -247.8828125,
    -162.29629516601562,
    -43.92713165283203,
    -60.28900146484375,
    -28.61660385131836,
    -27.398648738861084,
    -14.932217240333557,
    -12.444158613681793,
    -7.725980266928673,
    -5.769456971436739,
    -4.590146671049297,
    -3.36748483334668,
    -2.396162123826798,
    -2.719856887124479,
    -1.44517147805891,
    -1.043247164369859,
    -15.286449338295824,
    -2.3204810284418613,
    -0.9788691906767468,
    -0.7797984749934823,
    -1.3628831658381557,
    -0.33907689089617055,
    -0.32823786630991436,
    -2.4933997056573753,
    -8.451598097707546,
    -1.0983359389311016,
    -13.433094641690335,
    -23.146822785458234,
    -5.345738878194227,
    -3.890593307161285,
    -9.043028658132005,
    -2.184730050765581,
    -6.762026398756471,
    -19.606210086084754,
    -1.0590753505279835,
    -1.328755712213891
  ],
  "alpha=0.5, gamma=0.9": [
    -270.93706249999974,
    -229.4859478560312,
    -78.36395161408207,
    -89.30104960390634,
    -56.62662757506837,
    -72.58041888428205,
    -50.878151964785474,
    -53.40721049546146,
    -40.31255228869599,
    -37.99838548018113,
    -38.28542819022243,
    -35.970999485309804,
    -31.786297617125314,
    -34.04337200913054,
    -29.332511046726488,
    -26.656315275443585,
    -43.47823831276205,
    -30.893803840215075,
    -26.573303658313854,
    -25.099910785867642,
    -26.05370715916692,
    -19.787671987510617,
    -20.28254062904092,
    -21.784589781526304,
    -29.724516625260435,
    -18.36731491315821,
    -38.67370867848856,
    -75.85555436725681,
    -22.55485806840206,
    -17.470121381664907,
    -43.247630908321675,
    -15.699375562353612,
    -27.387747890920902,
    -75.3095952747693,
    -13.77995915605183,
    -19.775960231356343
  ],
  "alpha=0.9, gamma=0.1": [
    -194.33795289999998,
    -62.426566626352084,
    -6.776933237343418,
    -32.46825209061803,
    -4.1157221938852775,
    -1.1583361474427378,
    -0.09551076597767305,
    -0.03389723364331565,
    -0.0034243734645846846,
    -0.0006504781062006693,
    -0.00013051450758361227,
    -2.5045498965647894e-05,
    -4.468494603226958e-06,
    -0.002041572923765056,
    -1.7016869027886017e-05,
    -3.2307398045716695e-06,
    -9.175586134456418,
    -0.11762015200368814,
    -0.017153141370144454,
    -0.0032607534665460847,
    -0.002359938044224741,
    -0.00011754361891513909,
    -2.2722773170613664e-05,
    -0.43320429209066935,
    -1.2385244527451753,
    -0.040940869633466104,
    -9.242570876932167,
    -4.568973431840136,
    -3.01948683198044,
    -0.5737024288770936,
    -0.13717499001012978,
    -0.020754219586080147,
    -1.6470452999303444,
    -5.559989799587021,
    -0.004855696628826678,
    -0.09913249605256769
  ],
  "alpha=0.9, gamma=0.5": [
    -227.78901250000013,
    -117.28600735655358,
    -24.016480436749642,
    -44.537398119751245,
    -15.029504380104983,
    -9.834160495171291,
    -3.872890232751476,
    -2.3667088239769885,
    -1.1090248347889273,
    -0.6061956319288324,
    -0.34959989445185213,
    -0.18902492680244065,
    -0.09889633514365581,
    -0.18812814956693136,
    -0.034739946205366135,
    -0.018195124366119808,
    -12.041018218330972,
    -0.8130799007180707,
    -0.2645603925326123,
    -0.14556769440232853,
    -0.1858066693775049,
    -0.04258406330694897,
    -0.024612410177929922,
    -1.6632658227563952,
    -4.6746342656697815,
    -0.4777886208110751,
    -12.325415000322089,
    -10.381498990873402,
    -3.6432540508032836,
    -2.002309639279779,
    -2.438239082203294,
    -0.6118716371799149,
    -3.7252510500313027,
    -10.943118012100069,
    -0.17991553351014722,
    -0.7565000447677488
  ],