{
  "alpha=0.1, gamma=0.1": [
    -1317.2005266936626,
    -140.56881087750563,
    -45.9119653955045,
    -35.48842831345533,
    -32.013247520333046,
    -32.19992141172971,
    -27.22842411009219,
    -29.044989466731703,
    -20.1113509113182,
    -20.39101285602228,
    -16.249020325780968,
    -15.935850048266738,
    -17.470744215290246,
    -13.879614250074022,
    -10.627238044153277,
    -9.668598375270406,
    -72.77336870845339,
    -88.03670209861559,
    -8.314935003772106,
    -9.983661963888672,
    -6.808354269335314,
    -7.090985808399329,
    -7.401795266460713
  ],
  "alpha=0.1, gamma=0.5": [
    -1444.8409596684778,
    -171.2906170841934,
    -60.33908998670279,
    -48.89376868131579,
    -46.20766315773225,
    -47.30962140435433,
    -41.62576617952998,
    -47.74358889718586,
    -34.29919914329993,
    -36.898122158634294,
    -29.542443697708922,
    -30.943070793968133,
    -34.6484410301279,
    -27.495598738568233,
    -23.453797796274795,
    -22.258722841274164,
    -109.46140693290818,
    -128.03120372040277,
    -20.356707461716294,
    -23.20577501258662,
    -18.70366439831382,
    -18.264276064582766,
    -19.71476972796316
  ],
  "alpha=0.1, gamma=0.9": [
    -1593.8254780014454,
    -208.29126289500567,
    -79.06620389508139,
    -66.99845881075734,
    -66.17090324222353,
    -69.28643100909586,
    -63.18494032687331,
    -77.89861356852366,
    -57.843618140809085,
    -65.67544402207827,
    -53.22975352402544,
    -59.18695087248168,
    -68.61860511753089,
    -54.865514343922634,
    -50.57574652200405,
    -49.98259945293744,
    -176.34610075000117,
    -197.56005065380222,
    -49.99149611145913,
    -56.24182524986633,
    -50.32886203080599,
    -48.57511505793585,
    -54.2659787813185
  ],
  "alpha=0.5, gamma=0.1": [
    -713.1966787048859,
    -26.027948879403386,
    -4.2398137545921415,
    -1.770743441746637,
    -0.9437374927463269,
    -1.5850132411443343,
    -0.6873392345840931,
    -0.32512574478095324,
    -0.09327996492258328,
    -0.06071112713000559,
    -0.1699610986401825,
    -0.025355514680974744,
    -0.42599630264513866,
    -0.37340668674485333,
    -0.009360874641533679,
    -0.005147162534735017,
    -9.20769201609252,
    -7.863637719142302,
    -0.0766131651387385,
    -0.19959740865484077,
    -0.025772166223461346,
    -0.615585201713953,
    -0.023413056406334842
  ],
  "alpha=0.5, gamma=0.5": [
    -977.1403596303426,
    -67.77607428468764,
    -15.76606324268505,
    -9.729972720728256,
    -7.145051974133821,
    -7.258964978624135,
    -4.862908140345098,
    -3.9480200349019015,
    -2.106776252391981,
    -1.8016235278111976,
    -1.4235037185719643,
    -0.9863955122154162,
    -1.8231893102329924,
    -1.4511821730610046,
    -0.45185539129409324,
    -0.3381410170176753,
    -24.613171430576205,
    -30.096736348693252,
    -0.42269351511169795,
    -0.8393472265565509,
    -0.2697374996802391,
    -1.2789592601782866,
    -0.3387993108059848
  ],
  "alpha=0.5, gamma=0.9": [
    -1453.5231258970537,
    -172.12583129283334,
    -59.42794212853027,
    -47.3958380048678,
    -44.318622186240376,
    -45.051171142250084,
    -39.16595776079517,
    -45.856037613108676,
    -31.700444398615375,
    -34.80220520926319,
    -26.996597921012505,
    -28.62805429549352,
    -32.878932733860545,
    -25.21611123848198,
    -21.26589512911383,
    -20.050460372962142,
    -109.791706311928,
    -129.4464392645032,
    -18.114472312010836,
    -20.969305480612068,
    -16.89129251119825,
    -16.459296515568678,
    -17.982115618063148
  ],
  "alpha=0.9, gamma=0.1": [
    -469.45329489955463,
    -3.083622686564441,
    -0.25303896588675256,
    -0.020309194538772335,
    -0.0035228403422574717,
    -0.17139304309663428,
    -0.02217597481659639,
    -0.002228900873405437,
    -0.0003840680501910887,
    -7.497190000949061e-05,
    -0.0021664311453055696,
    -0.0001963626723709977,
    -0.0412473084044519,
    -0.014720423726906073,
    -6.627304281148216e-05,
    -1.2591878105872034e-05,
    -1.4048810181024232,
    -0.5506704763226323,
    -0.0002161520304193587,
    -0.0015768871851700172,
    -8.415231228076081e-06,
    -0.1376400173520147,
    0.007928527062923463
  ],
  "alpha=0.9, gamma=0.5": [
    -723.2400861826638,
    -26.083903694449795,
    -3.8180707115143946,
    -1.6033007651348432,
    -0.8247245157021305,
    -1.434443995543437,
    -0.49579369505261073,
    -0.27535794245513057,
    -0.11921223842593409,
    -0.0705926160860344,
    -0.061216756459670396,
    -0.030405219843811948,
    -0.5741949335049895,
    -0.23499149524262863,
    -0.014445365022907164,
    -0.007931354670358437,
    -8.586264009044815,
    -8.398439504657384,
    -0.0070318150465804585,
    -0.07366458341799076,
    -0.002601693805454719,
    -0.5551669370843253,
    0.019913355549087353
  ],
  "alpha=0.9, gamma=0.9": [
    -1335.8030001472578,
    -142.51108321711595,
    -44.42120924219654,
    -32.923340845730735,
    -28.734187735212238,
    -29.19069702342235,
    -24.778810060998506,
    -27.84286483392602,
    -18.137767345955094,
    -18.793421546681373,
    -13.991370099956184,
    -13.883155521210352,
    -16.683748481830328,
    -12.132722588521592,
    -8.913160743589687,
    -7.945333596326053,
    -75.7079346351356,
    -91.91892258590634,
    -6.143492452672717,
    -8.400106342511672,
    -5.427703524792932,
    -5.856554296981115,
    -6.1040898126917
  ]
}