{
  "alpha=0.1, gamma=0.1": [
    -508.80993033918,
    -131.5382254227957,
    -88.41291204076647,
    -90.22943651931902,
    -46.35452744351227,
    -41.66813341310239,
    -42.685698249048656,
    -28.198867551714457,
    -30.963762369817314,
    -25.964965686112716,
    -23.639581611874956,
    -20.688416987875605,
    -18.70495464633917,
    -16.50062678390175,
    -170.06395547152098,
    -36.29596019965401,
    -33.59635967233729,
    -10.883674874792863,
    -15.656987501115198,
    -14.757861903432191,
    -9.67563427224901,
    -7.418166245515238,
    -6.74168733895691,
    -10.470244891363818,
    -5.361290824747393,
    -6.3250124241372445,
    -4.423966816147394,
    -4.024948614939947,
    -3.661919550936613,
    -3.3316336274960654,
    -3.031137615465178,
    -2.757744647561749,
    -2.5090101943605934,
    -2.2827102070783503,
    -2.0768212317265053,
    -6.991488227759756,
    -1.7256725253776817,
    -1.6882580199492474,
    -1.5764896484201414,
    -1.9210941047419556
  ],
  "alpha=0.1, gamma=0.5": [
    -523.6652203125,
    -142.3025034328125,
    -97.88677202663281,
    -106.57938722596144,
    -56.08308054141872,
    -52.899454334134035,
    -54.69070674500565,
    -39.24023029384896,
    -44.99429591733501,
    -39.12129883269054,
    -36.5004096833083,
    -33.504561597496206,
    -32.264768926224995,
    -29.094035836609315,
    -197.0030624375431,
    -55.367110888849595,
    -51.80523754540114,
    -23.653441218947354,
    -30.471070086290123,
    -27.859408281031794,
    -22.52249462227714,
    -19.16310340810391,
    -18.17161820801115,
    -24.05225715560967,
    -15.782966059811674,
    -17.790884632055235,
    -14.199507779453521,
    -13.47629314626448,
    -12.78989080368031,
    -12.138428462138442,
    -11.520129188446901,
    -10.933306487366051,
    -10.376359649460342,
    -9.84776934890267,
    -9.34609347613825,
    -16.190745380309636,
    -8.447262573684274,
    -8.398737764140442,
    -8.21015403832746,
    -8.058271981606094
  ],
  "alpha=0.1, gamma=0.9": [
    -539.0625195991,
    -153.8734189133797,
    -108.11661821528544,
    -125.51748103684363,
    -67.46809429851407,
    -66.62602807894272,
    -69.97750331107359,
    -53.93773524438371,
    -64.33898808195094,
    -58.16561270846198,
    -55.83708953907187,
    -53.42542774520878,
    -54.40573472044072,
    -50.42234954879059,
    -236.7942399894082,
    -88.11277134210225,
    -83.99686721346913,
    -49.53940463073901,
    -60.04382821803214,
    -56.06272254669369,
    -51.4212245069538,
    -47.28211564194083,
    -46.726054897153546,
    -58.136735948226125,
    -44.08269165089687,
    -49.9649935435471,
    -43.05075586834344,
    -42.54941998859602,
    -42.053584624038734,
    -41.563213696291,
    -41.0782753455419,
    -40.598740192729274,
    -40.12457994501399,
    -39.65576629911514,
    -39.19227010070576,
    -49.532500534719276,
    -38.3057245693899,
    -39.28072536651808,
    -40.14600320520371,
    -38.56513346455537
  ],
  "alpha=0.5, gamma=0.1": [
    -400.6380703125,
    -67.6113344140625,
    -33.995590255507814,
    -21.924834344029883,
    -6.9265744760908445,
    -3.604175478256215,
    -8.447122651365138,
    -0.8455667916324656,
    -0.6600821379009775,
    -0.5844123441184538,
    -0.8942992888366056,
    -0.3323744898007897,
    -0.05752456913527384,
    -0.13989272550027215,
    -91.57688963749362,
    -4.5651352125752105,
    -4.512373712221014,
    0.09597149839385448,
    -0.5178233776278476,
    -3.374686256883368,
    -0.35416311769287323,
    0.0246040216719141,
    0.013534517568773769,
    -0.5025930792282437,
    0.021765005712038155,
    -0.07205514545946626,
    0.005197428708240789,
    0.002858594517555206,
    0.0015722317492723424,
    0.0008647300594057921,
    0.0004756029465878822,
    0.00026158238934020873,
    0.00014387073157875996,
    7.912912881342926e-05,
    4.35211435695706e-05,
    -0.29945239029637877,
    -0.00013031685233796077,
    -7.275726287273977e-05,
    -3.999096112985079e-05,
    -0.040445298930145764
  ],
  "alpha=0.5, gamma=0.5": [
    -457.3271484375,
    -98.4166259765625,
    -59.86018371582031,
    -48.691816329956055,
    -21.250675439834595,
    -15.365069568157196,
    -18.06050719320774,
    -6.877926629036665,
    -6.620377318002284,
    -4.7006675757002085,
    -4.400823448377196,
    -2.9912810394744156,
    -1.8520201948158501,
    -1.6593822938621088,
    -121.26321501687039,
    -11.77190628864457,
    -11.290075151077332,
    -0.22758245115584752,
    -2.4264459600556405,
    -4.470663519506401,
    -1.2209024440516516,
    -0.0529049957351051,
    -0.0380276117144831,
    -1.8112780489781717,
    0.01795625766175224,
    -0.30825005801467253,
    -0.01098230462113392,
    -0.008119407466187445,
    -0.006005921437974404,
    -0.004444255241797146,
    -0.0032893419885742237,
    -0.0024346551303306985,
    -0.0018018643532673462,
    -0.0013332619731629691,
    -0.000986247772594151,
    -1.4944937736245627,
    -0.0101502681097283,
    -0.008419883690606866,
    -0.00625397630704172,
    -0.143308265011181
  ],
  "alpha=0.5, gamma=0.9": [
    -524.3068265625,
    -142.6212562890625,
    -97.93881642113281,
    -106.89000016013536,
    -55.383860818477565,
    -51.97087336270994,
    -53.89315691292991,
    -37.83777715928225,
    -43.78376189925423,
    -37.514001449112556,
    -34.76945264399396,
    -31.56941668032884,
    -30.379417188036108,
    -26.919262546438343,
    -196.3872219188428,
    -53.88856416527895,
    -50.25102014118345,
    -21.65172237745886,
    -28.78933686326145,
    -25.94545269304677,
    -21.15365793391303,
    -17.036047522844918,
    -15.990831168247674,
    -22.770304151980692,
    -13.59327280868189,
    -15.956700984347842,
    -12.035000104396374,
    -11.319565507101581,
    -10.649463448194536,
    -10.019370914072375,
    -9.42541767759618,
    -8.864962325431245,
    -8.336172043514525,
    -7.837638959474031,
    -7.368113379730934,
    -14.154285385363561,
    -6.644913994322796,
    -6.637250823980809,
    -6.494020614484448,
    -6.579603313260817
  ],
  "alpha=0.9, gamma=0.1": [
    -323.3287470711,
    -36.1456453742413,
    -10.205667731674724,
    -7.284809506956212,
    -0.5040820579048589,
    -0.09022404255030814,
    -5.773329962867611,
    -0.012074497874311819,
    -0.003455424627388938,
    -0.022943624312640357,
    -0.07302821372367038,
    -0.005363883849534387,
    -8.912784516045685e-05,
    -0.0007878478941725657,
    -63.56477405775489,
    -1.279499111306921,
    -0.8394283071447479,
    0.014211736351170855,
    -0.0423034031569814,
    -2.400803920490017,
    -0.12072610188315488,
    0.008186319759742957,
    0.0015554008011323252,
    -0.028295352399494295,
    0.008933406050201622,
    0.00040066833487354097,
    0.0003127258272975916,
    5.9417907186411235e-05,
    1.1289402365518706e-05,
    2.1449864492281285e-06,
    4.0754742568390874e-07,
    7.743401076889215e-08,
    1.4712462360501846e-08,
    2.7953683813133025e-09,
    5.311202588941434e-10,
    -0.005928554918637419,
    -9.25269436402587e-07,
    -1.7580119848759068e-07,
    -3.340222631820211e-08,
    -0.0001400460679412685
  ],